2020-06-24 13:52 ~ mouthwatering.dishes ~ None,
2020-06-24 13:54 ~ eatwellwithzoe ~ None,
2020-06-24 13:57 ~ pepperandclove__stories ~ None,
2020-06-24 13:59 ~ diyetisyen_linabahap ~ None,
2020-06-24 14:00 ~ maslakmeals ~ None,
2020-06-24 14:01 ~ beccabrown7 ~ None,
2020-06-24 14:03 ~ personal_diet_life ~ None,
2020-06-24 14:04 ~ chef_jacqueline.smith ~ None,
2020-06-24 14:05 ~ yedimyedimerittim ~ None,
2020-06-24 14:06 ~ spicecultureng ~ None,
2020-06-24 14:08 ~ traceyh_fitness ~ None,
2020-06-24 14:09 ~ irisstyl3 ~ None,
2020-06-24 14:10 ~ beingfitandhealthy11 ~ None,
2020-06-25 12:07 ~ local.trees ~ None,
2020-06-25 12:08 ~ indian_tastefusion ~ None,
2020-06-26 18:06 ~ the_fashion_hub ~ None,
2020-06-26 18:08 ~ enaknyoo ~ None,
2020-06-26 18:10 ~ gymguru_official ~ None,
2020-06-26 18:17 ~ _eat_yourself_slim_ ~ None,
2020-06-29 16:37 ~ lamki.blog ~ None,
2020-06-29 16:38 ~ healthytemptingfoods ~ None,
2020-06-29 16:39 ~ ankf_la912 ~ None,
2020-06-29 16:41 ~ lets_lose_the_dad_bod ~ None,
2020-06-29 16:42 ~ not_bad_for_a_fat_dad ~ None,
2020-06-29 16:43 ~ sara_._._diet ~ None,
2020-06-29 16:46 ~ house_of_brunch ~ None,
2020-06-29 16:51 ~ sab_et_jess_mumbody ~ None,
2020-06-29 16:59 ~ mem_travels ~ None,
2020-06-30 15:10 ~ herbivorehacker ~ None,
2020-06-30 15:12 ~ matkultursmaland ~ None,
2020-06-30 15:13 ~ mylife_kitchen_happyme ~ None,
2020-06-30 15:20 ~ noorhan_saada ~ None,
2020-06-30 15:22 ~ hortifrutidagente ~ None,
2020-06-30 15:24 ~ danieleruggi_ ~ None,
2020-06-30 15:27 ~ revanaty ~ None,
2020-06-30 15:29 ~ foodandart_divi ~ None,
2020-06-30 15:31 ~ fitandfoodlk ~ None,
2020-06-30 15:32 ~ rayality_p_r_a_k_a__ ~ None,
2020-06-30 15:33 ~ simplefoodwith_s ~ None,
2020-06-30 15:34 ~ emanuelerais_personal_trainer ~ None,
2020-06-30 15:36 ~ misss_greeen ~ None,
2020-06-30 15:37 ~ stephaniebarreca ~ None,
2020-06-30 15:45 ~ truemade_garden ~ None,
2020-06-30 15:46 ~ zahrit_alrabia ~ None,
2020-06-30 15:47 ~ ecefattofit ~ None,
2020-06-30 16:24 ~ __nidz__20 ~ None,
2020-06-30 16:25 ~ sameyachbakers ~ None,
2020-06-30 16:27 ~ sugar_dan ~ None,
2020-06-30 16:28 ~ mawar_ijoo ~ None,
2020-07-03 13:57 ~ newgymnovara ~ None,
2020-07-03 13:58 ~ les.delices.de.souma ~ None,
2020-07-03 13:59 ~ kabhikabhifoodie25 ~ None,
2020-07-03 14:01 ~ beauty_health_mantra ~ None,
2020-07-03 14:02 ~ slimmingworld_chloee ~ None,
2020-07-03 14:03 ~ natalie_g_sw ~ None,
2020-07-03 14:04 ~ neals.healthymeals_sw ~ None,
2020-07-03 14:07 ~ happy.nutri.coach ~ None,
2020-07-03 14:08 ~ beautyfitnessblendsgreat ~ None,
2020-07-03 14:10 ~ s3_sandwich_salad_soup ~ None,
2020-07-03 14:12 ~ trusthedietitian ~ None,
2020-07-03 14:13 ~ her_storyinsta ~ None,
2020-07-03 14:14 ~ nelmawellness ~ None,
2020-07-03 14:15 ~ cook_with_ang ~ None,
2020-07-03 14:16 ~ aawara_karvaan ~ None,
2020-07-03 14:18 ~ salaam_afghanistan7 ~ None,
2020-07-03 14:19 ~ ana_banana_chic ~ None,
2020-07-03 14:20 ~ salu_kitchen ~ None,
2020-07-03 14:21 ~ i2ocio ~ None,
2020-07-03 14:23 ~ halinafit ~ None,
2020-07-03 14:24 ~ sineadsw_is_back_ontrack ~ None,
2020-07-03 14:25 ~ balance.fit.and.love ~ None,
2020-07-03 14:27 ~ everyday_bhukkad ~ None,
2020-07-03 14:28 ~ nutrizionista_maricadc ~ None,
2020-07-03 14:29 ~ paciflor_naturopathie ~ None,
2020-07-03 14:31 ~ wzgodzie_znatura ~ None,
2020-07-03 14:32 ~ pshettyfit ~ None,
2020-07-03 14:33 ~ mareenafoodco ~ None,
2020-07-03 14:35 ~ charlotte_nutrition_student ~ None,
2020-07-03 14:36 ~ coachingilwellness360 ~ None,
2020-07-03 14:38 ~ khanashaukeen ~ None,
2020-07-03 14:39 ~ myfitnessfoodjournal ~ None,
2020-07-03 14:40 ~ montasirmali ~ None,
2020-07-03 14:41 ~ lazeezezaika ~ None,
2020-07-04 13:28 ~ stefanduell ~ None,
2020-07-04 13:29 ~ primeshtopiwala ~ None,
2020-07-04 13:30 ~ sreekanthvnair ~ None,
2020-07-04 13:31 ~ _m_c_c_creations_ ~ None,
2020-07-04 13:34 ~ wellness_coach_pawansekhon ~ None,
2020-07-04 13:36 ~ sipahhfunstrawid ~ None,
2020-07-04 13:38 ~ dby_handmade ~ None,
2020-07-04 13:39 ~ naqiza.syari ~ None,
2020-07-04 13:40 ~ butternut_and_co ~ None,
2020-07-04 13:42 ~ healthyfood_lose.weight ~ None,
2020-07-04 13:43 ~ david_nola_personal_trainer ~ None,
2020-07-04 13:45 ~ lcoachfitness ~ None,
2020-07-04 13:47 ~ aleks.szulc ~ None,
2020-07-04 13:48 ~ mabohaibrunei ~ None,
2020-07-04 13:49 ~ yippeehubfood ~ None,
2020-07-04 13:55 ~ elitesportfoodswinoujscie ~ None,
2020-07-04 13:56 ~ amolml_ ~ None,
2020-07-06 11:48 ~ tastytable.delights ~ None,
2020-07-06 11:49 ~ fal_medyum_35 ~ None,
2020-07-06 11:51 ~ mr_rutvik1822_ ~ None,
2020-07-06 11:52 ~ food_baby23 ~ None,
2020-07-06 11:53 ~ distributorhwimadiun ~ None,
2020-07-06 11:54 ~ jenniferalix10 ~ None,
2020-07-06 11:56 ~ veggie.spiration ~ None,
2020-07-06 12:01 ~ elijah_foods ~ None,
2020-07-06 12:02 ~ daljit_dusanj_wale_of_fans ~ None,
2020-07-06 14:19 ~ theplantseries ~ None,
2020-07-06 14:21 ~ simapallan1 ~ None,
2020-07-06 14:22 ~ food_elegance_ ~ None,
2020-07-06 14:23 ~ foodappiness ~ None,
2020-07-06 14:24 ~ gaweanapoh ~ None,
2020-07-06 14:26 ~ keto_and_fitness ~ None,
2020-07-06 14:27 ~ trainwithbrunette ~ None,
2020-07-06 14:28 ~ garden_of_eden_buffets ~ None,
2020-07-06 14:29 ~ _eatingwithamelia ~ None,
2020-07-06 14:31 ~ fitmomdaily ~ None,
2020-07-07 12:00 ~ diet_antiribet ~ None,
2020-07-07 12:01 ~ core.fitness761 ~ None,
2020-07-07 12:03 ~ dietobite ~ None,
2020-07-07 12:04 ~ fitness_beyond_measure ~ None,
2020-07-07 12:05 ~ eatcleanwithtue ~ None,
2020-07-07 12:06 ~ setrawangi.id ~ None,
2020-07-07 12:08 ~ _weightslayer_ ~ None,
2020-07-07 12:09 ~ fitness_coach_manjeet ~ None,
2020-07-07 12:11 ~ vinta.cahyaningsari ~ None,
2020-07-28 14:00 ~ himalayaamanat ~ None,
2020-07-28 14:02 ~ nutrifact2020 ~ None,
2020-07-28 14:03 ~ reallifecoachconnor ~ None,
2020-07-28 14:09 ~ mayindojaya ~ None,
2020-07-28 15:27 ~ erikavercelli ~ None,
2020-07-28 15:29 ~ ami_fitcoach ~ None,
2020-07-29 12:03 ~ alqurumperfumes ~ None,
2020-08-01 11:27 ~ parfemi_elixir_srbija ~ None,
2020-08-01 12:03 ~ isakfragrances ~ None,
